State,Region
ACT,Canberra
NSW,The Murray
NSW,Sydney
NSW,South Coast
NSW,Snowy Mountains
NSW,Riverina
NSW,Outback NSW
NSW,North Coast NSW
NSW,New England North West
NSW,Hunter
NSW,Central NSW
NSW,Central Coast
NSW,Capital Country
NSW,Blue Mountains
VIC,Wimmera
VIC,Western Grampians
VIC,Western
VIC,Upper Yarra
VIC,Spa Country
VIC,Phillip Island
VIC,Peninsula
VIC,Murray East
VIC,Melbourne East
VIC,Melbourne
VIC,Mallee
VIC,Macedon
VIC,Lakes
VIC,High Country
VIC,Goulburn
VIC,Gippsland
VIC,Geelong
VIC,Central Murray
VIC,Central Highlands
VIC,Bendigo Loddon
VIC,Ballarat
TAS,Wilderness West
TAS,North West
TAS,"Launceston, Tamar and the North"
TAS,Hobart and the South
TAS,East Coast
SA,Yorke Peninsula
SA,Riverland
SA,Murraylands
SA,Limestone Coast
SA,Kangaroo Island
SA,Flinders Ranges and Outback
SA,Fleurieu Peninsula
SA,Eyre Peninsula
SA,Clare Valley
SA,Barossa
SA,Adelaide Hills
SA,Adelaide
NT,MacDonnell
NT,Lasseter
NT,Katherine Daly
NT,Kakadu Arnkem
NT,Darwin
NT,Barkly
NT,Alice Springs
QLD,Whitsundays
QLD,Tropical North Queensland
QLD,Sunshine Coast
QLD,Outback
QLD,Northern
QLD,Mackay
QLD,Gold Coast
QLD,Fraser Coast
QLD,Darling Downds
QLD,Central Queensland
QLD,Bundaberg
QLD,Brisbane
WA,Experience Perth
WA,Australia’s South West
WA,Australia's North West
WA,Australia’s Golden Outback
WA,Australia’s Coral Coast
